id,DFT_bandgap,atomization_energy,dielec_elec,dielec_ion,afp_C3,afp_C4,afp_F1,afp_H1,afp_N2,afp_N3,afp_O1,afp_O2,afp_S1,afp_S2
1,7.4757,-5.48,2.85,0.935,0,0.285714286,0,0.476190476,0,0,0,0.238095238,0,0
2,4.8255,-5.9,2.64,0.073,0.375,0.125,0,0.5,0,0,0,0,0,0
3,7.6997,-5.14,2.59,0.0284,0,0.333333333,0,0.666666667,0,0,0,0,0,0
4,6.8451,-5.11,2.5,0.564,0,0.333333333,0.5,0.166666667,0,0,0,0,0,0
5,0.9894,-6.18,,,0.571428571,0,0,0.285714286,0,0,0,0,0,0.142857143
6,2.5367,-6.81,4.48,0.288,0.583333333,0,0,0.25,0.083333333,0,0,0.083333333,0,0
7,7.4158,-5.24,2.2,0.496,0,0.3,0.3,0.3,0,0,0,0.1,0,0
8,7.0558,-5.44,2.7,0.42,0.055555556,0.277777778,0,0.555555556,0,0,0.055555556,0.055555556,0,0
9,8.3878,-5.18,2.47,0.581,0,0.3125,0.375,0.25,0,0,0,0.0625,0,0
10,,,,,,,,,,,,,,
11,6.7769,-5.59,2.75,0.499,0.083333333,0.25,0,0.5,0,0,0.083333333,0.083333333,0,0
12,6.2206,-5.21,2.68,0.473,0,0.285714286,0,0.571428571,0,0,0,0.142857143,0,0
13,6.8383,-5.5,2.75,0.408,0.066666667,0.266666667,0,0.533333333,0,0,0.066666667,0.066666667,0,0
14,6.5712,-6,2.79,1.2,0.166666667,0.166666667,0,0.333333333,0,0,0.166666667,0.166666667,0,0
15,8.7732,-5.32,2.7,1.02,0,0.25,0,0.5,0,0,0,0.25,0,0
16,,,,,,,,,,,,,,
17,3.1848,,3.92,0.231,0.545454545,0,0,0.363636364,0,0,0,0,0,0.090909091
18,4.989,-5.03,,,0,0.3125,0,0.625,0,0,0,0,0,0.0625
19,2.5648,-5.84,3.87,0.0943,0.375,0.125,0,0.5,0,0,0,0,0,0
20,9.1316,-5.21,2.49,0.597,0,0.333333333,0.333333333,0.333333333,0,0,0,0,0,0
21,4.0149,-5.97,3.1,0.495,0.285714286,0.142857143,0,0.428571429,0,0,0.071428571,0.071428571,0,0
22,6.5329,-5.41,2.66,0.392,0.051282051,0.282051282,0,0.564102564,0,0,0.051282051,0.051282051,0,0
23,8.3099,-5.18,2.66,0.706,0,0.333333333,0.166666667,0.5,0,0,0,0,0,0
24,,,,,,,,,,,,,,
25,8.43,-5.21,2.6,0.769,0,0.333333333,0.333333333,0.333333333,0,0,0,0,0,0
26,7.3664,-5.14,2.59,0.0409,0,0.333333333,0,0.666666667,0,0,0,0,0,0
27,3.8637,-6.18,3.27,0.558,0.363636364,0.090909091,0,0.363636364,0,0,0.090909091,0.090909091,0,0
28,,,,,,,,,,,,,,
29,4.5101,-5.99,2.93,0.262,0.333333333,0.133333333,0,0.466666667,0.066666667,0,0,0,0,0
30,,,,,,,,,,,,,,
31,5.7289,-5.91,3.01,1,0.142857143,0.142857143,0,0.428571429,0,0.142857143,0.142857143,0,0,0
32,3.2399,-6.41,3.85,0.582,0.5,0,0,0.357142857,0,0.071428571,0.071428571,0,0,0
33,2.9424,-6.6,3.98,0.369,0.555555556,0,0,0.333333333,0.111111111,0,0,0,0,0
34,2.5467,-6.82,5.42,0.257,0.583333333,0,0,0.25,0.083333333,0,0,0.083333333,0,0
35,0.7797,-6.18,,,0.571428571,0,0,0.285714286,0,0,0,0,0,0.142857143
36,0.75,-6.13,,,0.565217391,0,0,0.260869565,0,0,0,0,0.043478261,0.130434783
37,1.8638,-6.12,5.17,0.428,0.545454545,0,0,0.272727273,0,0,0,0.045454545,0,0.136363636
38,1.9834,-6.07,4.98,0.898,0.529411765,0,0,0.235294118,0,0,0,0.058823529,0.058823529,0.117647059
39,2.3041,-6.04,4.23,0.656,0.529411765,0,0,0.235294118,0,0,0,0.058823529,0.058823529,0.117647059
40,1.7517,-5.95,5.28,0.947,0.5,0,0,0.166666667,0,0,0,0.083333333,0.166666667,0.083333333
41,4.047,-6.02,3.49,0.417,0.5,0,0,0.25,0,0,0,0.125,0,0.125
42,3.0437,-5.94,3.79,0.698,0.454545455,0,0,0.181818182,0,0,0,0.181818182,0.090909091,0.090909091
43,1.1128,-6.24,8.67,0.175,0.580645161,0,0,0.322580645,0,0,0,0,0,0.096774194
44,1.9403,-6.21,4.71,0.46,0.56,0,0,0.32,0,0,0,0.04,0,0.08
45,2.0606,-6.28,4.13,0.119,0.588235294,0,0,0.352941176,0,0,0,0,0,0.058823529
46,1.8996,-6.27,5.38,0.492,0.586206897,0,0,0.344827586,0,0,0,0,0.034482759,0.034482759
47,2.1724,-6.29,4.52,0.384,0.571428571,0,0,0.357142857,0,0,0,0.035714286,0,0.035714286
48,1.0659,-6.22,8.38,0.709,0.576923077,0,0,0.307692308,0,0,0,0,0.038461538,0.076923077
49,2.1882,-6.21,4.78,0.437,0.56,0,0,0.32,0,0,0,0.04,0,0.08
50,2.3094,-6.17,4.82,0.842,0.55,0,0,0.3,0,0,0,0.05,0.05,0.05
51,1.3917,-6.3,7,0.126,0.588235294,0,0,0.352941176,0,0,0,0,0,0.058823529
52,1.7583,-6.27,6.26,0.394,0.586206897,0,0,0.344827586,0,0,0,0,0.034482759,0.034482759
53,2.397,-6.29,4.64,0.371,0.571428571,0,0,0.357142857,0,0,0,0.035714286,0,0.035714286
54,1.8601,-6.34,5.28,0.106,0.594594595,0,0,0.378378378,0,0,0,0,0,0.027027027
55,2.5835,-6.39,4.4,0.0803,0.6,0,0,0.4,0,0,0,0,0,0
56,1.6353,-6.31,4.32,0.254,0.59375,0,0,0.375,0,0,0,0,0.03125,0
57,3.3861,-6.34,3.62,0.247,0.580645161,0,0,0.387096774,0,0,0,0.032258065,0,0
58,2.8665,-6.29,4.18,0.385,0.565217391,0,0,0.347826087,0,0,0,0.043478261,0.043478261,0
59,1.3026,-6.22,7.71,0.685,0.576923077,0,0,0.307692308,0,0,0,0,0.038461538,0.076923077
60,1.1979,-6.16,6.23,0.55,0.571428571,0,0,0.285714286,0,0,0,0,0.095238095,0.047619048
61,2.4038,-6.18,4.02,0.525,0.55,0,0,0.3,0,0,0,0.05,0.05,0.05
62,1.8035,-6.17,3.59,0.214,0.583333333,0,0,0.333333333,0,0,0,0,0.083333333,0
63,1.7412,-6.28,4.35,0.6,0.565217391,0,0,0.347826087,0,0,0,0.043478261,0.043478261,0
64,2.364,-6.13,4.66,0.857,0.533333333,0,0,0.266666667,0,0,0,0.066666667,0.133333333,0
65,4.0372,-6.18,3.43,0.388,0.526315789,0,0,0.315789474,0,0,0,0.105263158,0,0.052631579
66,,,,,,,,,,,,,,
67,2.0472,-6.21,4.9,0.596,0.55,0,0,0.3,0,0,0,0.05,0.05,0.05
68,3.9415,-6.18,3.53,0.57,0.5,0,0,0.285714286,0,0,0,0.142857143,0.071428571,0
69,2.1001,-6.03,4.23,0.155,0.5,0.041666667,0,0.333333333,0,0,0,0,0,0.125
70,1.7203,-5.95,4.82,0.522,0.473684211,0.052631579,0,0.315789474,0,0,0,0,0.052631579,0.105263158
71,2.9968,-5.95,3.82,0.374,0.444444444,0.055555556,0,0.333333333,0,0,0,0.055555556,0,0.111111111
72,2.512,-6.12,3.79,0.12,0.518518519,0.037037037,0,0.37037037,0,0,0,0,0,0.074074074
73,1.9959,-6.05,4.4,0.4,0.5,0.045454545,0,0.363636364,0,0,0,0,0.045454545,0.045454545
74,2.9246,-6.09,3.75,0.301,0.476190476,0.047619048,0,0.380952381,0,0,0,0.047619048,0,0.047619048
75,4.1954,-5.81,3.38,0.268,0.4,0.1,0,0.4,0,0,0,0,0,0.1
76,2.5553,-5.65,3.41,0.166,0.333333333,0.133333333,0,0.4,0,0,0,0,0.066666667,0.066666667
77,2.8506,-5.68,3.46,0.542,0.285714286,0.142857143,0,0.428571429,0,0,0,0.071428571,0,0.071428571
78,2.7131,-6.08,4.09,0.608,0.473684211,0.052631579,0,0.315789474,0,0,0.052631579,0,0,0.105263158
79,2.693,-5.99,3.87,0.472,0.428571429,0.071428571,0,0.285714286,0,0,0.071428571,0,0.071428571,0.071428571
80,3.78,-6.07,3.45,0.722,0.384615385,0.076923077,0,0.307692308,0,0,0.076923077,0.076923077,0,0.076923077
81,2.2961,-5.94,4.03,0.339,0.473684211,0.052631579,0,0.315789474,0,0,0,0,0.052631579,0.105263158
82,2.676,-5.82,4.09,0.624,0.384615385,0.076923077,0,0.307692308,0,0,0,0.076923077,0.076923077,0.076923077
83,3.6624,-5.9,3.52,0.303,0.421052632,0.052631579,0,0.368421053,0,0.052631579,0,0,0,0.105263158
84,2.8469,-5.77,3.93,0.498,0.357142857,0.071428571,0,0.357142857,0,0.071428571,0,0,0.071428571,0.071428571
85,3.8409,-5.66,3.54,0.505,0.307692308,0.076923077,0,0.384615385,0,0.076923077,0,0.076923077,0,0.076923077
86,4.26,-5.92,3.38,0.248,0.444444444,0.055555556,0,0.333333333,0,0,0,0.055555556,0,0.111111111
87,3.0541,-5.78,3.79,0.456,0.384615385,0.076923077,0,0.307692308,0,0,0,0.076923077,0.076923077,0.076923077
88,2.8214,-6.12,3.91,0.112,0.518518519,0.037037037,0,0.37037037,0,0,0,0,0,0.074074074
89,2.7314,-6.2,3.89,0.101,0.533333333,0.033333333,0,0.4,0,0,0,0,0,0.033333333
90,1.9323,-6.08,4.33,0.284,0.5,0.045454545,0,0.363636364,0,0,0,0,0.045454545,0.045454545
91,2.8951,-6.19,4.07,0.148,0.533333333,0.033333333,0,0.4,0,0,0,0,0,0.033333333
92,3.4166,-6.26,3.58,0.0889,0.545454545,0.03030303,0,0.424242424,0,0,0,0,0,0
93,2.5561,-6.17,4.2,0.246,0.52,0.04,0,0.4,0,0,0,0,0.04,0
94,,,,,,,,,,,,,,
95,4.0831,-5.99,3.3,0.0985,0.434782609,0.086956522,0,0.434782609,0,0,0,0,0,0.043478261
96,4.2049,-6.09,3.31,0.0949,0.461538462,0.076923077,0,0.461538462,0,0,0,0,0,0
97,2.9253,-5.85,3.46,0.218,0.388888889,0.111111111,0,0.444444444,0,0,0,0,0.055555556,0
98,4.8019,-5.89,3.16,0.314,0.352941176,0.117647059,0,0.470588235,0,0,0,0.058823529,0,0
99,3.4106,-6.2,3.61,0.457,0.5,0.045454545,0,0.363636364,0,0,0.045454545,0,0,0.045454545
100,3.8451,-6.29,3.62,0.346,0.52,0.04,0,0.4,0,0,0.04,0,0,0
101,2.5816,-6.14,3.78,0.434,0.470588235,0.058823529,0,0.352941176,0,0,0.058823529,0,0.058823529,0
102,3.7934,-6.22,3.4,0.638,0.4375,0.0625,0,0.375,0,0,0.0625,0.0625,0,0
103,2.5143,-6.07,3.87,0.299,0.5,0.045454545,0,0.363636364,0,0,0,0,0.045454545,0.045454545
104,2.3058,-6.17,3.87,0.215,0.52,0.04,0,0.4,0,0,0,0,0.04,0
105,3.1473,-6,3.58,0.367,0.4375,0.0625,0,0.375,0,0,0,0.0625,0.0625,0
106,3.5013,-6.04,3.59,0.43,0.454545455,0.045454545,0,0.409090909,0,0.045454545,0,0,0,0.045454545
107,3.7655,-6.15,3.56,0.372,0.48,0.04,0,0.44,0,0.04,0,0,0,0
108,3.5265,-5.97,3.67,0.438,0.411764706,0.058823529,0,0.411764706,0,0.058823529,0,0,0.058823529,0
109,4.426,-5.9,,,0.375,0.0625,0,0.4375,0,0.0625,0,0.0625,0,0
110,4.0475,-6.08,3.34,0.249,0.476190476,0.047619048,0,0.380952381,0,0,0,0.047619048,0,0.047619048
111,4.3787,-6.18,3.25,0.245,0.5,0.041666667,0,0.416666667,0,0,0,0.041666667,0,0
112,3.7121,-6,3.34,0.323,0.4375,0.0625,0,0.375,0,0,0,0.0625,0.0625,0
113,2.7315,-5.86,3.71,0.119,0.4,0.1,0,0.4,0,0,0,0,0,0.1
114,2.295,-5.69,4.02,0.366,0.333333333,0.133333333,0,0.4,0,0,0,0,0.066666667,0.066666667
115,4.1608,-5.67,3.24,0.387,0.285714286,0.142857143,0,0.428571429,0,0,0,0.071428571,0,0.071428571
116,2.9495,-5.98,3.65,0.101,0.434782609,0.086956522,0,0.434782609,0,0,0,0,0,0.043478261
117,3.7492,-6.09,3.5,0.0757,0.461538462,0.076923077,0,0.461538462,0,0,0,0,0,0
118,2.7697,-5.87,3.68,0.227,0.388888889,0.111111111,0,0.444444444,0,0,0,0,0.055555556,0
119,4.052,-5.89,3.19,0.266,0.352941176,0.117647059,0,0.470588235,0,0,0,0.058823529,0,0
120,4.2755,-5.57,3.08,0.12,0.25,0.1875,0,0.5,0,0,0,0,0,0.0625
121,4.7657,-5.78,3.06,0.0809,0.315789474,0.157894737,0,0.526315789,0,0,0,0,0,0
122,8.0416,-5.15,2.7,0.024,0,0.333333333,0,0.666666667,0,0,0,0,0,0
123,5.13,-5.52,2.74,0.532,0.090909091,0.272727273,0,0.545454545,0,0,0.090909091,0,0,0
124,2.9464,-5.22,3.13,0.153,0.090909091,0.272727273,0,0.545454545,0,0,0,0,0.090909091,0
125,6.381,-5.18,2.81,0.217,0,0.272727273,0,0.636363636,0,0.090909091,0,0,0,0
126,7.4889,-5.2,2.71,0.319,0,0.3,0,0.6,0,0,0,0.1,0,0
127,3.1093,-5.9,3.52,0.601,0.333333333,0.133333333,0,0.4,0,0,0.066666667,0,0,0.066666667
128,3.6964,-6.05,3.33,0.483,0.388888889,0.111111111,0,0.444444444,0,0,0.055555556,0,0,0
129,1.8131,-5.61,3.85,0.908,0.2,0.2,0,0.4,0,0,0.1,0,0.1,0
130,6.684,-5.73,2.77,0.621,0.111111111,0.222222222,0,0.444444444,0,0,0.111111111,0.111111111,0,0
131,3.8308,-5.34,3.32,0.397,0.111111111,0.222222222,0,0.444444444,0,0,0,0.111111111,0.111111111,0
132,3.793,-5.63,3.31,0.452,0.266666667,0.133333333,0,0.466666667,0,0.066666667,0,0,0,0.066666667
133,3.689,-5.85,3.17,0.37,0.333333333,0.111111111,0,0.5,0,0.055555556,0,0,0,0
134,3.6727,-5.36,3.47,0.766,0.1,0.2,0,0.5,0,0.1,0,0,0.1,0
135,5.7904,-5.12,2.9,0.559,0,0.222222222,0,0.555555556,0,0.111111111,0,0.111111111,0,0
136,2.3893,-6.12,4.28,0.61,0.473684211,0.052631579,0,0.315789474,0,0,0.052631579,0,0,0.105263158
137,2.5123,-6.21,4.07,0.51,0.5,0.045454545,0,0.363636364,0,0,0.045454545,0,0,0.045454545
138,2.9786,-6.21,3.7,0.786,0.428571429,0.071428571,0,0.285714286,0,0,0.142857143,0,0,0.071428571
139,2.3542,-6,4.27,0.506,0.428571429,0.071428571,0,0.285714286,0,0,0.071428571,0,0.071428571,0.071428571
140,3.1722,-6.03,3.65,0.783,0.384615385,0.076923077,0,0.307692308,0,0,0.076923077,0.076923077,0,0.076923077
141,2.5243,-6.2,4.21,0.507,0.5,0.045454545,0,0.363636364,0,0,0.045454545,0,0,0.045454545
142,3.0649,-6.29,3.63,0.335,0.52,0.04,0,0.4,0,0,0.04,0,0,0
143,2.9172,-6.34,3.53,0.664,0.470588235,0.058823529,0,0.352941176,0,0,0.117647059,0,0,0
144,2.4736,-6.15,4.12,0.594,0.470588235,0.058823529,0,0.352941176,0,0,0.058823529,0,0.058823529,0
145,3.8893,-6.19,3.19,0.611,0.4375,0.0625,0,0.375,0,0,0.0625,0.0625,0,0
146,3.7852,-5.87,3.24,0.358,0.333333333,0.133333333,0,0.4,0,0,0.066666667,0,0,0.066666667
147,3.781,-6.05,3.11,0.535,0.388888889,0.111111111,0,0.444444444,0,0,0.055555556,0,0,0
148,4.6959,-5.95,3.09,0.703,0.2,0.2,0,0.4,0,0,0.2,0,0,0
149,3.1252,-5.62,3.3,0.521,0.2,0.2,0,0.4,0,0,0.1,0,0.1,0
150,4.6507,-5.62,2.86,0.833,0.111111111,0.222222222,0,0.444444444,0,0,0.111111111,0.111111111,0,0
151,2.1804,-6,4.21,0.632,0.428571429,0.071428571,0,0.285714286,0,0,0.071428571,0,0.071428571,0.071428571
152,2.4428,-6.15,4.12,0.497,0.470588235,0.058823529,0,0.352941176,0,0,0.058823529,0,0.058823529,0
153,1.4812,-6.06,4.8,1.53,0.333333333,0.111111111,0,0.222222222,0,0,0.222222222,0,0.111111111,0
154,2.0217,-5.8,3.93,0.868,0.25,0.125,0,0.25,0,0,0.125,0.125,0.125,0
155,3.9328,-6.01,3.53,0.589,0.357142857,0.071428571,0,0.357142857,0,0.071428571,0.071428571,0,0,0.071428571
156,3.7951,-6.16,3.35,0.679,0.411764706,0.058823529,0,0.411764706,0,0.058823529,0.058823529,0,0,0
157,4.8368,-6.2,3.19,1.21,0.222222222,0.111111111,0,0.333333333,0,0.111111111,0.222222222,0,0,0
158,3.0348,-5.8,3.71,0.979,0.222222222,0.111111111,0,0.333333333,0,0.111111111,0.111111111,0,0.111111111,0
159,4.2025,-6.05,3.4,0.513,0.384615385,0.076923077,0,0.307692308,0,0,0.076923077,0.076923077,0,0.076923077
160,4.6878,-6.21,3.02,0.505,0.4375,0.0625,0,0.375,0,0,0.0625,0.0625,0,0
161,5.9215,-6.3,2.9,1.04,0.25,0.125,0,0.25,0,0,0.25,0.125,0,0
162,3.73,-5.87,3.07,0.701,0.25,0.125,0,0.25,0,0,0.125,0.125,0.125,0
163,1.6797,-5.78,6,0.399,0.428571429,0.071428571,0,0.285714286,0,0,0,0,0.142857143,0.071428571
164,1.6344,-5.8,4.67,0.969,0.384615385,0.076923077,0,0.307692308,0,0,0,0.076923077,0.076923077,0.076923077
165,1.4834,-5.91,,,0.470588235,0.058823529,0,0.352941176,0,0,0,0,0.117647059,0
166,2.1148,-5.95,4.55,0.937,0.411764706,0.058823529,0,0.411764706,0,0.058823529,0,0,0.058823529,0
167,2.3706,-5.99,3.95,0.496,0.4375,0.0625,0,0.375,0,0,0,0.0625,0.0625,0
168,2.5638,-5.3,3.74,0.213,0.2,0.2,0,0.4,0,0,0,0,0.2,0
169,2.5314,-5.27,3.55,0.608,0.111111111,0.222222222,0,0.444444444,0,0,0,0.111111111,0.111111111,0
170,0.725,-5.79,4.82,0.788,0.333333333,0.111111111,0,0.222222222,0,0,0.111111111,0,0.222222222,0
171,2.0697,-5.84,3.69,0.858,0.25,0.125,0,0.25,0,0,0.125,0.125,0.125,0
172,1.7598,-5.43,4.2,1.53,0.222222222,0.111111111,0,0.333333333,0,0.111111111,0,0,0.222222222,0
173,3.2554,-5.27,3.78,1.38,0.125,0.125,0,0.375,0,0.125,0,0.125,0.125,0
174,2.7744,-5.45,3.81,0.547,0.25,0.125,0,0.25,0,0,0,0.125,0.25,0
175,3.3441,-6.04,3.77,0.412,0.454545455,0.045454545,0,0.409090909,0,0.045454545,0,0,0,0.045454545
176,2.5818,-6,4.08,1.21,0.357142857,0.071428571,0,0.357142857,0,0.071428571,0.071428571,0,0,0.071428571
177,1.6806,-5.78,5.07,1.12,0.357142857,0.071428571,0,0.357142857,0,0.071428571,0,0,0.071428571,0.071428571
178,3.5157,-5.7,3.44,0.743,0.285714286,0.071428571,0,0.428571429,0,0.142857143,0,0,0,0.071428571
179,3.6125,-5.74,3.42,0.774,0.307692308,0.076923077,0,0.384615385,0,0.076923077,0,0.076923077,0,0.076923077
180,3.1255,-6.05,3.82,0.599,0.454545455,0.045454545,0,0.409090909,0,0.045454545,0,0,0,0.045454545
181,,,,,,,,,,,,,,
182,3.4981,-5.93,3.47,0.727,0.352941176,0.058823529,0,0.470588235,0,0.117647059,0,0,0,0
183,3.7495,-5.98,3.39,0.752,0.375,0.0625,0,0.4375,0,0.0625,0,0.0625,0,0
184,4.1265,-5.61,3.17,0.361,0.266666667,0.133333333,0,0.466666667,0,0.066666667,0,0,0,0.066666667
185,4.4323,-5.84,3.15,0.222,0.333333333,0.111111111,0,0.5,0,0.055555556,0,0,0,0
186,3.6121,-5.59,2.96,0.544,0.1,0.2,0,0.5,0,0.1,0.1,0,0,0
187,2.6614,-5.26,3.57,0.282,0.1,0.2,0,0.5,0,0.1,0,0,0.1,0
188,6.2293,-5.22,2.98,0.315,0,0.2,0,0.6,0,0.2,0,0,0,0
189,6.9282,-5.27,2.79,0.741,0,0.222222222,0,0.555555556,0,0.111111111,0,0.111111111,0,0
190,3.849,-6.02,3.44,0.67,0.357142857,0.071428571,0,0.357142857,0,0.071428571,0.071428571,0,0,0.071428571
191,4.2448,-6.17,3.3,0.657,0.411764706,0.058823529,0,0.411764706,0,0.058823529,0.058823529,0,0,0
192,2.3654,-5.8,3.99,1.24,0.222222222,0.111111111,0,0.333333333,0,0.111111111,0.111111111,0,0.111111111,0
193,2.7289,-5.79,3.87,0.679,0.357142857,0.071428571,0,0.357142857,0,0.071428571,0,0,0.071428571,0.071428571
194,3.1832,-5.96,3.58,0.409,0.411764706,0.058823529,0,0.411764706,0,0.058823529,0,0,0.058823529,0
195,2.1003,-5.79,4.09,1.25,0.222222222,0.111111111,0,0.333333333,0,0.111111111,0.111111111,0,0.111111111,0
196,3.9125,-5.48,3.27,2.32,0.111111111,0.111111111,0,0.444444444,0,0.222222222,0,0,0.111111111,0
197,4.2201,-5.49,3.49,1.08,0.125,0.125,0,0.375,0,0.125,0,0.125,0.125,0
198,4.0591,-5.66,3.44,0.381,0.307692308,0.076923077,0,0.384615385,0,0.076923077,0,0.076923077,0,0.076923077
199,4.1647,-5.9,3.35,0.302,0.375,0.0625,0,0.4375,0,0.0625,0,0.0625,0,0
200,3.5947,-5.28,3.47,0.413,0.125,0.125,0,0.375,0,0.125,0,0.125,0.125,0
201,4.8889,-5.01,3.05,0.573,0,0.125,0,0.5,0,0.25,0,0.125,0,0
202,3.0939,-6.07,3.76,0.389,0.476190476,0.047619048,0,0.380952381,0,0,0,0.047619048,0,0.047619048
203,4.3601,-5.78,3.22,0.624,0.333333333,0.083333333,0,0.333333333,0,0,0,0.166666667,0,0.083333333
204,4.685,-6.03,3.2,0.596,0.4,0.066666667,0,0.4,0,0,0,0.133333333,0,0
205,,,,,,,,,,,,,,
206,7.1042,-5.97,2.75,0.982,0.142857143,0.142857143,0,0.285714286,0,0,0.142857143,0.285714286,0,0
207,3.6556,-5.47,3.41,0.934,0.142857143,0.142857143,0,0.285714286,0,0,0,0.285714286,0.142857143,0
208,5.5012,-5.69,3.04,1.09,0.125,0.125,0,0.375,0,0.125,0.125,0.125,0,0
209,5.9349,-5.08,3.03,1.22,0,0.142857143,0,0.428571429,0,0.142857143,0,0.285714286,0,0
210,1.2608,-6.27,7.32,0.964,0.565217391,0,0,0.260869565,0,0,0.043478261,0,0,0.130434783
211,1.6466,-6.22,5.67,0.83,0.555555556,0,0,0.222222222,0,0,0.055555556,0,0.055555556,0.111111111
212,2.3145,-6.27,4.21,1.02,0.529411765,0,0,0.235294118,0,0,0.058823529,0.058823529,0,0.117647059
213,1.5224,-6.34,6.66,0.781,0.576923077,0,0,0.307692308,0,0,0.038461538,0,0,0.076923077
214,1.9265,-6.29,5.19,0.714,0.571428571,0,0,0.285714286,0,0,0.047619048,0,0.047619048,0.047619048
215,2.0204,-6.38,4.55,0.894,0.55,0,0,0.3,0,0,0.05,0.05,0,0.05
216,1.863,-6.37,4.36,2.68,0.555555556,0,0,0.222222222,0,0,0.111111111,0,0,0.111111111
217,1.1902,-6.33,5.54,1.06,0.538461538,0,0,0.153846154,0,0,0.153846154,0,0.076923077,0.076923077
218,3.202,-6.49,3.54,1.03,0.5,0,0,0.166666667,0,0,0.166666667,0.083333333,0,0.083333333
219,1.5228,-6.19,5.28,0.94,0.555555556,0,0,0.222222222,0,0,0.055555556,0,0.055555556,0.111111111
220,2.3663,-6.21,4.28,1.17,0.5,0,0,0.166666667,0,0,0.083333333,0.083333333,0.083333333,0.083333333
221,2.4838,-6.22,4.17,0.828,0.529411765,0,0,0.235294118,0,0,0.058823529,0.058823529,0,0.117647059
222,1.6701,-6.17,5.35,1.06,0.5,0,0,0.166666667,0,0,0.083333333,0.083333333,0.083333333,0.083333333
223,1.9872,-6.31,4.63,0.469,0.576923077,0,0,0.307692308,0,0,0.038461538,0,0,0.076923077
224,1.7624,-6.38,5.26,0.604,0.586206897,0,0,0.344827586,0,0,0.034482759,0,0,0.034482759
225,2.0029,-6.3,5.04,0.719,0.571428571,0,0,0.285714286,0,0,0.047619048,0,0.047619048,0.047619048
226,2.7538,-6.35,3.92,0.813,0.55,0,0,0.3,0,0,0.05,0.05,0,0.05
227,1.7004,-6.38,5.57,0.582,0.586206897,0,0,0.344827586,0,0,0.034482759,0,0,0.034482759
228,2.5479,-6.42,4.09,0.341,0.59375,0,0,0.375,0,0,0.03125,0,0,0
229,2.0643,-6.37,4.9,0.586,0.583333333,0,0,0.333333333,0,0,0.041666667,0,0.041666667,0
230,3.0847,-6.44,3.62,0.475,0.565217391,0,0,0.347826087,0,0,0.043478261,0.043478261,0,0
231,2.4807,-6.45,4.01,0.745,0.571428571,0,0,0.285714286,0,0,0.095238095,0,0,0.047619048
232,2.9556,-6.51,3.94,0.603,0.583333333,0,0,0.333333333,0,0,0.083333333,0,0,0
233,1.6753,-6.42,4.41,0.59,0.5625,0,0,0.25,0,0,0.125,0,0.0625,0
234,3.1295,-6.57,3.49,1.51,0.533333333,0,0,0.266666667,0,0,0.133333333,0.066666667,0,0
235,1.8946,-6.31,4.51,0.625,0.571428571,0,0,0.285714286,0,0,0.047619048,0,0.047619048,0.047619048
236,1.5587,-6.38,4.5,0.482,0.583333333,0,0,0.333333333,0,0,0.041666667,0,0.041666667,0
237,2.5144,-6.35,4.16,1.08,0.533333333,0,0,0.266666667,0,0,0.066666667,0.066666667,0.066666667,0
238,3.0776,-6.33,4.01,0.779,0.55,0,0,0.3,0,0,0.05,0.05,0,0.05
239,3.1383,-6.4,3.68,0.647,0.565217391,0,0,0.347826087,0,0,0.043478261,0.043478261,0,0
240,2.0547,-6.3,4.31,0.744,0.533333333,0,0,0.266666667,0,0,0.066666667,0.066666667,0.066666667,0
241,1.4146,-5.98,5.29,1.16,0.428571429,0,0,0,0,0,0.142857143,0.142857143,0.285714286,0
242,,,,,,,,,,,,,,
243,1.9856,-6.21,4.39,0.935,0.5,0,0,0.166666667,0,0,0.083333333,0.083333333,0.083333333,0.083333333
244,3.6706,-6.25,3.51,0.752,0.454545455,0,0,0.181818182,0,0,0.090909091,0.181818182,0,0.090909091
245,2.3448,-6.32,4.04,0.792,0.533333333,0,0,0.266666667,0,0,0.066666667,0.066666667,0.066666667,0
246,4.3251,-6.41,3.2,0.757,0.5,0,0,0.285714286,0,0,0.071428571,0.142857143,0,0
247,5.926,-6.78,2.47,2.2,0.333333333,0,0,0,0,0,0.333333333,0.333333333,0,0
248,3.9378,-6.2,3.03,1.14,0.333333333,0,0,0,0,0,0.166666667,0.333333333,0.166666667,0
249,1.5003,-6.09,6.51,0.659,0.52173913,0,0,0.304347826,0,0.043478261,0,0,0,0.130434783
250,2.8559,-5.92,3.98,0.565,0.421052632,0.052631579,0,0.368421053,0,0.052631579,0,0,0,0.105263158
251,1.9451,-6.22,5.73,1.36,0.5,0,0,0.277777778,0,0.055555556,0.055555556,0,0,0.111111111
252,1.9074,-6.05,7.61,1.01,0.5,0,0,0.277777778,0,0.055555556,0,0,0.055555556,0.111111111
253,,,,,,,,,,,,,,
254,1.6397,-6.18,6.17,0.657,0.538461538,0,0,0.346153846,0,0.038461538,0,0,0,0.076923077
255,2.3796,-6.15,4.85,0.617,0.523809524,0,0,0.333333333,0,0.047619048,0,0,0.047619048,0.047619048
256,1.7108,-6.18,6.28,1.73,0.5,0,0,0.277777778,0,0.055555556,0.055555556,0,0,0.111111111
257,1.4251,-6.15,6.32,1.32,0.461538462,0,0,0.230769231,0,0.076923077,0.076923077,0,0.076923077,0.076923077
258,2.8071,-6.14,4.38,1.8,0.416666667,0,0,0.25,0,0.083333333,0.083333333,0.083333333,0,0.083333333
259,1.9993,-6,5.25,1.11,0.5,0,0,0.277777778,0,0.055555556,0,0,0.055555556,0.111111111
260,1.7781,-6.15,5.29,1.17,0.523809524,0,0,0.333333333,0,0.047619048,0,0,0.047619048,0.047619048
261,,,,,,,,,,,,,,
262,3.4208,-5.96,3.79,0.549,0.444444444,0,0,0.333333333,0,0.111111111,0,0,0,0.111111111
263,2.1538,-5.89,4.8,0.988,0.384615385,0,0,0.307692308,0,0.153846154,0,0,0.076923077,0.076923077
264,3.9124,-5.99,3.61,0.527,0.470588235,0,0,0.294117647,0,0.058823529,0,0.058823529,0,0.117647059
265,2.6588,-5.92,4.17,0.85,0.416666667,0,0,0.25,0,0.083333333,0,0.083333333,0.083333333,0.083333333
266,2.587,-6.18,4.4,0.336,0.538461538,0,0,0.346153846,0,0.038461538,0,0,0,0.076923077
267,1.8163,-6.26,5.5,0.414,0.551724138,0,0,0.379310345,0,0.034482759,0,0,0,0.034482759
268,1.4764,-6.18,6.15,0.689,0.523809524,0,0,0.333333333,0,0.047619048,0,0,0.047619048,0.047619048
269,1.8733,-6.26,5.47,0.471,0.551724138,0,0,0.379310345,0,0.034482759,0,0,0,0.034482759
270,2.9094,-6.31,4,0.289,0.5625,0,0,0.40625,0,0.03125,0,0,0,0
271,3.4971,-6.15,3.84,0.516,0.48,0.04,0,0.44,0,0.04,0,0,0,0
272,2.3255,-6.25,4.41,0.425,0.541666667,0,0,0.375,0,0.041666667,0,0,0.041666667,0
273,3.4585,-6.21,3.94,0.478,0.52173913,0,0,0.391304348,0,0.043478261,0,0.043478261,0,0
274,2.3459,-6.29,4.78,1.33,0.523809524,0,0,0.333333333,0,0.047619048,0.047619048,0,0,0.047619048
275,2.0139,-6.34,,,0.541666667,0,0,0.375,0,0.041666667,0.041666667,0,0,0
276,1.7009,-6.27,4.91,1.04,0.5,0,0,0.3125,0,0.0625,0.0625,0,0.0625,0
277,3.977,-6.22,3.61,1.01,0.466666667,0,0,0.333333333,0,0.066666667,0.066666667,0.066666667,0,0
278,1.8785,-6.23,5.4,1.32,0.541666667,0,0,0.375,0,0.041666667,0,0,0.041666667,0
279,,,,,,,,,,,,,,
280,2.8374,-6.11,3.96,1.11,0.476190476,0,0,0.380952381,0,0.095238095,0,0,0,0.047619048
281,2.3603,-6.21,4.51,1.01,0.5,0,0,0.416666667,0,0.083333333,0,0,0,0
282,3.6275,-5.91,3.55,0.645,0.4,0,0,0.4,0,0.133333333,0,0.066666667,0,0
283,3.4138,-6.14,3.64,0.506,0.5,0,0,0.35,0,0.05,0,0.05,0,0.05
284,3.2074,-6.26,3.72,0.658,0.52173913,0,0,0.391304348,0,0.043478261,0,0.043478261,0,0
285,3.2479,-6.14,3.81,0.695,0.466666667,0,0,0.333333333,0,0.066666667,0,0.066666667,0.066666667,0
286,1.9448,-6.33,5.08,0.82,0.523809524,0,0,0.333333333,0,0.047619048,0.047619048,0,0,0.047619048
287,2.6812,-6.4,4.14,1.26,0.461538462,0,0,0.230769231,0,0.076923077,0.153846154,0,0,0.076923077
288,1.932,-6.14,4.98,1.15,0.461538462,0,0,0.230769231,0,0.076923077,0.076923077,0,0.076923077,0.076923077
289,3.0418,-6.08,3.88,0.971,0.416666667,0,0,0.25,0,0.083333333,0.083333333,0.083333333,0,0.083333333
290,1.9266,-6.31,4.54,0.692,0.523809524,0,0,0.333333333,0,0.047619048,0.047619048,0,0,0.047619048
291,2.6675,-6.4,4.33,0.519,0.541666667,0,0,0.375,0,0.041666667,0.041666667,0,0,0
292,2.4238,-6.28,3.88,1.12,0.5,0,0,0.3125,0,0.0625,0.0625,0,0.0625,0
293,3.6086,-6.24,3.66,0.663,0.466666667,0,0,0.333333333,0,0.066666667,0.066666667,0.066666667,0,0
294,0.9512,-6.16,6.63,1.88,0.461538462,0,0,0.230769231,0,0.076923077,0.076923077,0,0.076923077,0.076923077
295,1.5619,-6.26,4.72,1.12,0.5,0,0,0.3125,0,0.0625,0.0625,0,0.0625,0
296,1.4363,-6.35,5.12,1.41,0.375,0,0,0.125,0,0.125,0.25,0,0.125,0
297,2.095,-5.88,4.48,1.66,0.285714286,0,0,0.142857143,0,0.142857143,0.142857143,0.142857143,0.142857143,0
298,3.137,-6.15,4.03,0.913,0.384615385,0,0,0.307692308,0,0.153846154,0.076923077,0,0,0.076923077
299,,,,,,,,,,,,,,
300,3.9867,-6.46,3.51,1.88,0.25,0,0,0.25,0,0.25,0.25,0,0,0
301,2.0371,-6.02,4.42,2.94,0.25,0,0,0.25,0,0.25,0.125,0,0.125,0
302,5.0658,-5.7,3.52,1.63,0.142857143,0,0,0.285714286,0,0.285714286,0.142857143,0.142857143,0,0
303,3.4227,-6.2,3.73,0.906,0.416666667,0,0,0.25,0,0.083333333,0.083333333,0.083333333,0,0.083333333
304,3.4546,-6.35,3.54,1.01,0.466666667,0,0,0.333333333,0,0.066666667,0.066666667,0.066666667,0,0
305,2.5812,-6.1,3.79,1.97,0.285714286,0,0,0.142857143,0,0.142857143,0.142857143,0.142857143,0.142857143,0
306,1.6122,-5.92,5.53,1.04,0.461538462,0,0,0.230769231,0,0.076923077,0,0,0.153846154,0.076923077
307,2.3899,-5.82,4.58,1.03,0.416666667,0,0,0.25,0,0.083333333,0,0.083333333,0.083333333,0.083333333
308,,,,,,,,,,,,,,
309,2.6021,-6.02,3.94,0.624,0.466666667,0,0,0.333333333,0,0.066666667,0,0.066666667,0.066666667,0
310,1.5026,-5.94,,,0.375,0,0,0.125,0,0.125,0.125,0,0.25,0
311,1.8481,-5.89,4.55,1.78,0.285714286,0,0,0.142857143,0,0.142857143,0.142857143,0.142857143,0.142857143,0
312,2.6405,-6.09,4.38,1.28,0.4375,0,0,0.375,0,0.125,0,0,0.0625,0
313,2.0315,-5.69,5.08,1.01,0.25,0,0,0.25,0,0.25,0,0,0.25,0
314,3.3916,-5.23,4.27,1.8,0.142857143,0,0,0.285714286,0,0.285714286,0,0.142857143,0.142857143,0
315,2.4316,-5.64,4.65,1.34,0.285714286,0,0,0.142857143,0,0.142857143,0,0.142857143,0.285714286,0
316,4.5587,-5.98,3.49,0.613,0.428571429,0,0,0.357142857,0,0.071428571,0,0.142857143,0,0
317,5.0089,-5.77,3.06,1.25,0.166666667,0,0,0.166666667,0,0.166666667,0.166666667,0.333333333,0,0
318,3.7133,-5.2,3.77,1.36,0.166666667,0,0,0.166666667,0,0.166666667,0,0.333333333,0.166666667,0
319,,,,,,,,,,,,,,
320,,,,,,,,,,,,,,
321,,,,,,,,,,,,,,
322,,,,,,,,,,,,,,
323,2.9952,-6.15,4.19,1.24,0.465116279,0,0,0.372093023,0,0.093023256,0,0.023255814,0.046511628,0
324,3.6012,-6.09,3.94,0.612,0.444444444,0.022222222,0,0.4,0,0.088888889,0,0,0.044444444,0
325,,,,,,,,,,,,,,
326,,,,,,,,,,,,,,
327,,,,,,,,,,,,,,
328,3.5538,-5.61,3.54,0.625,0.2,0.15,0,0.5,0,0.1,0,0,0.05,0
329,,,,,,,,,,,,,,
30,,,,,,,,,,,,,,
331,,,,,,,,,,,,,,
332,3.7898,-6.09,3.61,0.581,0.448275862,0.034482759,0,0.413793103,0,0.068965517,0,0,0.034482759,0
333,,,,,,,,,,,,,,
334,,,,,,,,,,,,,,
335,4.5558,-5.83,2.99,0.828,0.222222222,0.138888889,0,0.444444444,0,0.055555556,0.055555556,0.083333333,0,0
336,,,,,,,,,,,,,,
337,4.5288,-5.79,2.99,0.731,0.210526316,0.157894737,0,0.473684211,0,0.052631579,0.052631579,0.052631579,0,0
338,,,,,,,,,,,,,,
339,,,,,,,,,,,,,,
340,3.1356,-6.14,3.8,0.996,0.411764706,0.058823529,0,0.411764706,0,0.058823529,0.058823529,0,0,0
341,3.8611,-6.2,3.48,0.301,0.5,0.041666667,0,0.416666667,0,0,0,0.041666667,0,0
342,,,,,,,,,,,,,,
343,,,,,,,,,,,,,,
344,,,,,,,,,,,,,,
345,,,,,,,,,,,,,,
346,3.4085,-6.31,3.84,0.849,0.4375,0,0,0.375,0,0.125,0.0625,0,0,0
347,,,,,,,,,,,,,,
348,3.4047,-6.48,3.57,0.88,0.5,0,0,0.3125,0,0.0625,0.125,0,0,0
3197,4.7,-6.61,3.07,2.28,0.285714286,0,0,0.142857143,0,0.142857143,0.285714286,0.142857143,0,0
3198,1.1,-6.47,,,0.428571429,0,0,0,0,0,0.285714286,0.142857143,0.142857143,0
3199,6.2,-5.69,2.9,0.708,0.1,0.2,0,0.5,0,0.1,0.1,0,0,0
3200,,-6.25,3.29,0.496,,,,,,,,,,
3201,,-5.89,,,,,,,,,,,,
3202,,-6.19,5.01,1.3,,,,,,,,,,
3203,,-6.19,5.94,1.08,,,,,,,,,,
3204,,-6.04,4.3,0.316,,,,,,,,,,
3205,,-6.12,5.9,0.97,,,,,,,,,,
3206,,-6.21,4.97,1.09,,,,,,,,,,
3207,3.67,-6.01,2.98,0.696,0.32,0.12,0,0.4,0,0,0.08,0.08,0,0
3208,5.98,-5.39,2.74,0.593,0.045454545,0.272727273,0,0.590909091,0,0.045454545,0.045454545,0,0,0
3209,,,3.01,0.464,,,,,,,,,,
3210,6.58,-5.52,2.73,0.795,0.055555556,0.222222222,0,0.5,0,0.055555556,0.055555556,0.111111111,0,0
3211,6.63,-5.52,2.67,0.657,0.058823529,0.235294118,0,0.470588235,0,0,0.058823529,0.176470588,0,0
3212,2.4,-5.81,4.19,0.983,0.32,0.08,0,0.4,0,0.08,0,0.04,0.08,0
3213,6.68,-5.21,2.76,0.779,0,0.263157895,0,0.578947368,0,0.052631579,0,0.105263158,0,0
3214,5.15,-5.84,2.82,1.1,0.111111111,0.111111111,0,0.444444444,0,0.222222222,0.111111111,0,0,0
3215,6.4,-5.58,2.85,1.37,0.058823529,0.176470588,0,0.470588235,0,0.117647059,0.058823529,0.117647059,0,0
3216,5.71,-5.82,3.1,1.55,0.133333333,0.066666667,0,0.333333333,0,0.2,0.133333333,0.133333333,0,0
3217,6.95,-5.2,2.57,0.482,0,0.3,0,0.6,0,0,0,0.1,0,0
3218,7.13,-5.22,2.75,0.758,0,0.277777778,0,0.555555556,0,0,0,0.166666667,0,0
3219,6.64,-5.49,2.79,0.875,0.052631579,0.210526316,0,0.526315789,0,0.105263158,0.052631579,0.052631579,0,0
3220,2.4,,4.09,1.27,0.466666667,0,0,0.266666667,0,0.066666667,0.033333333,0.033333333,0.033333333,0.1
3221,5.02,-6.11,3.18,1.84,0.1875,0.0625,0,0.3125,0,0.1875,0.1875,0.0625,0,0
3222,5.99,-5.77,3.06,1.13,0.105263158,0.157894737,0,0.473684211,0,0.157894737,0.105263158,0,0,0
3223,3.27,-6.29,3.92,1.42,0.333333333,0,0,0.285714286,0,0.19047619,0.142857143,0,0,0.047619048
3224,5.27,-6.22,3.01,1.66,0.1875,0.0625,0,0.3125,0,0.1875,0.1875,0.0625,0,0
3225,6,-5.44,2.8,0.884,0.055555556,0.222222222,0,0.5,0,0.055555556,0.055555556,0.111111111,0,0
3226,,-5.99,,,,,,,,,,,,
3227,7.81,-5.46,2.68,0.404,0.052631579,0.263157895,0,0.526315789,0,0,0.052631579,0.105263158,0,0
3228,,-6.05,,,,,,,,,,,,
3229,2.95,-6.35,3.59,0.959,0.481481481,0,0,0.259259259,0,0.037037037,0.111111111,0.074074074,0,0.037037037
3230,3.49,-5.83,3.61,0.803,0.4,0.1,0.2,0.2,0,0,0,0,0,0.1
3231,2.19,-5.65,3.25,0.651,0.333333333,0.133333333,0.266666667,0.133333333,0,0,0,0,0.066666667,0.066666667
3232,3.98,-5.68,3.08,0.842,0.285714286,0.142857143,0.285714286,0.142857143,0,0,0,0.071428571,0,0.071428571
3233,4.13,-5.99,3.3,0.697,0.434782609,0.086956522,0.173913043,0.260869565,0,0,0,0,0,0.043478261
3234,4.2,-6.06,3.37,0.445,0.461538462,0.076923077,0.153846154,0.307692308,0,0,0,0,0,0
3235,2.54,-5.84,3.24,0.459,0.388888889,0.111111111,0.222222222,0.222222222,0,0,0,0,0.055555556,0
3236,4.41,-5.92,2.98,0.7,0.352941176,0.117647059,0.235294118,0.235294118,0,0,0,0.058823529,0,0
3237,,-5.87,3.91,0.45,,,,,,,,,,
3238,2.15,-5.66,3.94,0.499,0.333333333,0.133333333,0.266666667,0.133333333,0,0,0,0,0.066666667,0.066666667
3239,4.1,-5.67,3.21,0.685,0.285714286,0.142857143,0.285714286,0.142857143,0,0,0,0.071428571,0,0.071428571
3240,4.1,-5.98,3.17,0.394,0.434782609,0.086956522,0.173913043,0.260869565,0,0,0,0,0,0.043478261
3241,3.19,-6.1,3.62,0.353,0.461538462,0.076923077,0.153846154,0.307692308,0,0,0,0,0,0
3242,2.38,-5.85,3.87,0.455,0.388888889,0.111111111,0.222222222,0.222222222,0,0,0,0,0.055555556,0
3243,4.73,-5.89,3.04,0.593,0.352941176,0.117647059,0.235294118,0.235294118,0,0,0,0.058823529,0,0
3244,4.4,-5.59,3.13,0.468,0.25,0.1875,0.25,0.25,0,0,0,0,0,0.0625
3245,4.87,-5.78,2.98,0.396,0.315789474,0.157894737,0.210526316,0.315789474,0,0,0,0,0,0
3246,5.03,-5.5,2.57,0.797,0.090909091,0.272727273,0.363636364,0.181818182,0,0,0.090909091,0,0,0
3247,2.15,-5.19,3.12,0.687,0.090909091,0.272727273,0.363636364,0.181818182,0,0,0,0,0.090909091,0
3248,7.83,-5.24,2.54,1.78,0,0.272727273,0.363636364,0.272727273,0,0.090909091,0,0,0,0
3249,8.87,-5.23,2.44,1.06,0,0.3,0.4,0.2,0,0,0,0.1,0,0
3250,3.02,-5.86,3.35,0.572,0.333333333,0.133333333,0.266666667,0.133333333,0,0,0.066666667,0,0,0.066666667
3251,3.41,-6.03,3.3,0.542,0.388888889,0.111111111,0.222222222,0.222222222,0,0,0.055555556,0,0,0
3252,1.58,-5.51,3.93,0.813,0.2,0.2,0.4,0,0,0,0.1,0,0.1,0
3253,,-5.64,2.52,0.785,,,,,,,,,,
3254,3.21,-5.26,2.94,0.742,0.111111111,0.222222222,0.444444444,0,0,0,0,0.111111111,0.111111111,0
3255,3.49,-5.66,3.47,1.03,0.266666667,0.133333333,0.266666667,0.2,0,0.066666667,0,0,0,0.066666667
3256,4.01,-5.86,3.22,0.7,0.333333333,0.111111111,0.222222222,0.277777778,0,0.055555556,0,0,0,0
3257,5.39,-5.65,2.7,0.829,0.1,0.2,0.4,0.1,0,0.1,0.1,0,0,0
3258,2.95,-5.29,3.12,0.696,0.1,0.2,0.4,0.1,0,0.1,0,0,0.1,0
3259,6.39,-5.15,2.56,1.17,0,0.222222222,0.444444444,0.111111111,0,0.111111111,0,0.111111111,0,0
3260,3.69,-5.59,3.09,0.662,0.25,0.1875,0.25,0.25,0,0,0,0,0,0.0625
3261,4.37,-5.8,2.98,0.498,0.315789474,0.157894737,0.210526316,0.315789474,0,0,0,0,0,0
3262,5.01,-5.48,2.59,1.04,0.090909091,0.272727273,0.363636364,0.181818182,0,0,0.090909091,0,0,0
3263,2.46,-5.2,3.1,0.685,0.090909091,0.272727273,0.363636364,0.181818182,0,0,0,0,0.090909091,0
3264,8.35,-5.26,2.63,1.28,0,0.272727273,0.363636364,0.272727273,0,0.090909091,0,0,0,0
3265,10.2,-5.25,2.5,0.969,0,0.3,0.4,0.2,0,0,0,0.1,0,0
3266,2.96,-5.82,3.25,0.796,0.333333333,0.133333333,0.266666667,0.133333333,0,0,0.066666667,0,0,0.066666667
3267,3.39,-6.01,3.02,0.547,0.388888889,0.111111111,0.222222222,0.222222222,0,0,0.055555556,0,0,0
3268,3.15,-5.77,2.67,1.1,0.2,0.2,0.4,0,0,0,0.2,0,0,0
3269,5.19,-5.57,2.5,1.05,0.111111111,0.222222222,0.444444444,0,0,0,0.111111111,0.111111111,0,0
3270,2.76,-5.24,2.81,0.797,0.111111111,0.222222222,0.444444444,0,0,0,0,0.111111111,0.111111111,0
3271,3.65,-5.66,3.16,1.32,0.266666667,0.133333333,0.266666667,0.2,0,0.066666667,0,0,0,0.066666667
3272,4.3,-5.88,3.04,0.736,0.333333333,0.111111111,0.222222222,0.277777778,0,0.055555556,0,0,0,0
3273,5.08,-5.56,2.64,2.11,0.1,0.2,0.4,0.1,0,0.1,0.1,0,0,0
3274,2.61,-5.29,3.2,1.29,0.1,0.2,0.4,0.1,0,0.1,0,0,0.1,0
3275,8.28,-5.31,2.67,1.76,0,0.2,0.4,0.2,0,0.2,0,0,0,0
3276,9,-5.29,2.54,1.5,0,0.222222222,0.444444444,0.111111111,0,0.111111111,0,0.111111111,0,0
3277,10,-5.25,2.43,1.37,0,0.25,0.5,0,0,0,0,0.25,0,0